Source,Destination,Value
102,83,19999.000000078784
394,83,19999.000000078784
486,83,3.999999684863724
486,863,19995.000000315136
985,863,19999.000000078784
1004,83,19999.000000078784
1011,83,19999.000000078784
1203,863,19999.000000078784
1238,83,19950.0
1341,863,19999.000000078784
1390,863,19957.999999684864
1521,1699,19999.000000078784
1743,1699,19999.0
1759,1699,19999.0
1860,1699,19999.0
2133,1699,19954.000000078784
