Source,Destination,Value
102,83,19999.00000007433
394,83,19999.00000007433
486,863,19999.0
985,863,19999.00000007433
1004,83,19991.00000036724
1004,863,7.999999632760591
1011,83,19999.00000007433
1203,863,19999.00000007433
1238,83,19999.0
1341,863,19999.00000007433
1390,863,19995.00000036823
1390,1699,3.999999631771061
1521,1699,19999.00000007433
1743,1699,19999.0
1759,1699,19999.0
1860,1699,19999.0
2133,1699,19999.00000007433
