Index,Biomass
102,17888.5854
394,19545.13285
486,13679.5262
985,20000
1004,11970.2977
1011,18604.81259
1203,9267.783405
1238,18599.21536
1341,17951.2875
1390,15417.92606
1521,10732.21659
1609,10714.95087
1717,13257.06535
1743,14894.03441
1759,14780.73489
1860,20000
2069,11241.00866
2133,20000
2187,14933.31037
